<xml xmlns:o="urn:schemas-microsoft-com:office:office">
 <o:MainFile HRef="../Help.htm"/>
 <o:File HRef="image001.png"/>
 <o:File HRef="image025.gif"/>
 <o:File HRef="image003.png"/>
 <o:File HRef="image026.gif"/>
 <o:File HRef="image005.png"/>
 <o:File HRef="image027.jpg"/>
 <o:File HRef="image007.png"/>
 <o:File HRef="image008.jpg"/>
 <o:File HRef="image009.wmz"/>
 <o:File HRef="image028.gif"/>
 <o:File HRef="oledata.mso"/>
 <o:File HRef="image011.wmz"/>
 <o:File HRef="image029.gif"/>
 <o:File HRef="image013.wmz"/>
 <o:File HRef="image030.gif"/>
 <o:File HRef="image015.wmz"/>
 <o:File HRef="image031.gif"/>
 <o:File HRef="image017.wmz"/>
 <o:File HRef="image032.gif"/>
 <o:File HRef="image019.wmz"/>
 <o:File HRef="image033.gif"/>
 <o:File HRef="image021.wmz"/>
 <o:File HRef="image034.gif"/>
 <o:File HRef="image023.wmz"/>
 <o:File HRef="image035.gif"/>
 <o:File HRef="filelist.xml"/>
</xml>